{"charts/episodic_length":64,"charts/SPS":57,"charts/episodic_success":1,"_runtime":17507,"losses/qf1_values":214.47003,"losses/qf2_loss":3.812273,"_step":125897,"global_step":999942,"_timestamp":1.767022113025925e+09,"losses/qf_loss":4.986908,"charts/success_rate":0.92262936,"_wandb":{"runtime":17507},"losses/actor_loss":-216.33987,"charts/episodic_return":337.7641,"losses/qf1_loss":6.161543,"losses/qf2_values":214.23773}